Depth,Block Position,ROP,WOB,Hook Load,RPM,Torque,SPP,SPM,PVT,Flow Out,Time
,,,,,,,,,,,10:00:00 AM
,,,,,,,,,,,10:00:10 AM
,,,,,,,,,,,10:00:20 AM
,,,,,,,,,,,10:00:30 AM
,,,,,,,,,,,10:00:40 AM
,,,,,,,,,,,10:00:50 AM
,,,,,,,,,,,10:01:00 AM
,,,,,,,,,,,10:01:10 AM
,,,,,,,,,,,10:01:20 AM
,,,,,,,,,,,10:01:30 AM
,,,,,,,,,,,10:01:40 AM
,,,,,,,,,,,10:01:50 AM
,,,,,,,,,,,10:02:00 AM
,,,,,,,,,,,10:02:10 AM
,,,,,,,,,,,10:02:20 AM
,,,,,,,,,,,10:02:30 AM
,,,,,,,,,,,10:02:40 AM
,,,,,,,,,,,10:02:50 AM
,,,,,,,,,,,10:03:00 AM
,,,,,,,,,,,10:03:10 AM
,,,,,,,,,,,10:03:20 AM
,,,,,,,,,,,10:03:30 AM
,,,,,,,,,,,10:03:40 AM
,,,,,,,,,,,10:03:50 AM
,,,,,,,,,,,10:04:00 AM
,,,,,,,,,,,10:04:10 AM
,,,,,,,,,,,10:04:20 AM
,,,,,,,,,,,10:04:30 AM
,,,,,,,,,,,10:04:40 AM
,,,,,,,,,,,10:04:50 AM
,,,,,,,,,,,10:05:00 AM
,,,,,,,,,,,10:05:10 AM
,,,,,,,,,,,10:05:20 AM
,,,,,,,,,,,10:05:30 AM
,,,,,,,,,,,10:05:40 AM
,,,,,,,,,,,10:05:50 AM
,,,,,,,,,,,10:06:00 AM
,,,,,,,,,,,10:06:10 AM
,,,,,,,,,,,10:06:20 AM
,,,,,,,,,,,10:06:30 AM
,,,,,,,,,,,10:06:40 AM
,,,,,,,,,,,10:06:50 AM
,,,,,,,,,,,10:07:00 AM
,,,,,,,,,,,10:07:10 AM
,,,,,,,,,,,10:07:20 AM
,,,,,,,,,,,10:07:30 AM
,,,,,,,,,,,10:07:40 AM
,,,,,,,,,,,10:07:50 AM
,,,,,,,,,,,10:08:00 AM
,,,,,,,,,,,10:08:10 AM
,,,,,,,,,,,10:08:20 AM
,,,,,,,,,,,10:08:30 AM
,,,,,,,,,,,10:08:40 AM
,,,,,,,,,,,10:08:50 AM
,,,,,,,,,,,10:09:00 AM
,,,,,,,,,,,10:09:10 AM
,,,,,,,,,,,10:09:20 AM
,,,,,,,,,,,10:09:30 AM
,,,,,,,,,,,10:09:40 AM
,,,,,,,,,,,10:09:50 AM
,,,,,,,,,,,10:10:00 AM
,,,,,,,,,,,10:10:10 AM
,,,,,,,,,,,10:10:20 AM
,,,,,,,,,,,10:10:30 AM
,,,,,,,,,,,10:10:40 AM
,,,,,,,,,,,10:10:50 AM
,,,,,,,,,,,10:11:00 AM
,,,,,,,,,,,10:11:10 AM
,,,,,,,,,,,10:11:20 AM
,,,,,,,,,,,10:11:30 AM
,,,,,,,,,,,10:11:40 AM
,,,,,,,,,,,10:11:50 AM
